{"cameraMode":{"drawMode":0,"name":"Shaded","section":"Shading Mode"},"sceneLighting":false,"audioPlay":false,"sceneViewState":{"showFog":true,"showMaterialUpdate":false,"showSkybox":true,"showFlares":true,"showImageEffects":true,"showParticleSystems":true},"in2DMode":false,"pivot":{"x":633.0130004882813,"y":525.154296875,"z":-673.9903564453125},"rotation":{"x":0.1145230159163475,"y":-0.13221722841262818,"z":0.015381580218672753,"w":0.9844653010368347},"size":9.959540367126465,"orthographic":false}